peptide	iDPPIV_score	dG_best	dG_spread	n_dock
APQIP	1.565	-6.807	0.000	1
LPPGP	2.452	-6.558	0.000	1
APPSQ	0.840	-6.513	0.090	3
APSQP	0.840	-6.416	0.131	3
LPGP	1.578	-6.392	0.000	1
IPDAP	0.964	-6.380	0.747	2
LPEG	0.884	-6.320	0.303	3
LAIPP	1.247	-6.306	0.000	1
VPPN	1.839	-6.285	0.000	1
LPPNS	0.799	-6.282	0.456	3
LPTPR	0.949	-6.207	0.150	3
LPPPR	1.971	-6.205	0.000	1
LPPH	1.671	-6.204	0.000	1
LPPV	2.119	-6.176	0.000	1
LPQI	1.248	-6.169	0.000	1
LPVAP	1.619	-6.133	0.000	1
LPQA	0.807	-6.129	0.066	3
LPPQ	2.182	-6.109	0.000	1
LPPPS	1.897	-6.099	0.000	1
LPQGH	0.943	-6.010	0.500	3
LPPII	1.687	-5.990	0.000	1
LPPA	1.306	-5.983	0.000	1
APEV	0.868	-5.958	0.177	3
LPPSG	0.793	-5.914	0.145	3
LPSP	1.022	-5.905	0.000	1
LPGDP	1.352	-5.877	0.000	1
LPDVT	0.872	-5.830	0.390	3
MPR	0.866	-5.808	0.269	3
MAPSP	1.167	-5.801	0.000	1
MPHM	2.144	-5.786	0.000	1
VPEEG	1.320	-5.775	0.000	1
LPAQP	1.682	-5.768	0.000	1
MPVS	1.105	-5.766	0.000	1
VPG	0.958	-5.752	0.076	2
LPDDP	1.356	-5.728	0.000	1
LPPTA	1.160	-5.728	0.000	1
LPH	0.797	-5.656	0.108	3
VPI	1.128	-5.651	0.000	1
VPV	1.500	-5.565	0.000	1
VPT	1.041	-5.548	0.000	1
LPI	0.872	-5.544	0.187	3
MAIP	1.017	-5.541	0.000	1
LPINP	1.523	-5.539	0.000	1
LPP	1.807	-5.532	0.000	1
LPPG	1.578	-5.525	0.000	1
MPQ	1.953	-5.523	0.000	1
MPPA	1.952	-5.504	0.000	1
IPV	1.128	-5.503	0.000	1
VPMV	2.202	-5.488	0.000	1
LPV	1.245	-5.481	0.000	1
LPQ	1.308	-5.466	0.000	1
LPE	1.113	-5.426	0.000	1
VPVEV	1.994	-5.384	0.000	1
VPPK	1.204	-5.383	0.000	1
IPE	0.996	-5.269	0.000	1
MPMA	1.779	-5.266	0.000	1
LPVAQ	1.120	-5.244	0.000	1
MPT	1.430	-5.165	0.000	1
MAP	1.077	-5.079	0.000	1
MAME	1.085	-4.452	0.000	1
